Model,Accuracy,Precision,Recall,F1
CatBoost,0.8039,0.8039148918296997,0.8039,0.8038975977455725
Logistic,0.803,0.8030140113678857,0.803,0.8029977226536739
XGBoost,0.8028,0.8028081879334017,0.8028,0.8027986669189884
LightGBM,0.8028,0.8028017441380463,0.8028,0.8027997160315911
RandomForest,0.802,0.802030203020302,0.802,0.8019950498762468
