{
  "regression": {
    "model": "Linear Regression",
    "r2": 0.5755846634010977,
    "mae": 39433.38534940606,
    "rmse": 49357.10929741986
  },
  "classification": {
    "model": "CatBoost",
    "accuracy": 0.8039,
    "f1": 0.8038975977455725
  },
  "clustering": {
    "model": "K-Means",
    "n_clusters": 2,
    "silhouette": 0.18935888904608875
  }
}