Model,MAE,RMSE,R2
Linear Regression,39433.38534940606,49357.10929741986,0.5755846634010977
CatBoost,39433.60605545469,49368.630378845104,0.5753865037273439
XGBoost,39427.05386645844,49394.423920843336,0.5749426936772806
LightGBM,39434.73545024074,49416.93334870776,0.5745552014838129
Random Forest,39660.29272773759,49714.77825991711,0.5694112788802699
